time,sensorId1,readingId,reading,date
2020-09-27T09:49:48.204Z,BJenjRROw,1,6.55,2020-09-27
2020-06-20T07:59:12.884Z,BJenjRROw,2,5.42,2020-06-20
2020-02-14T23:36:17.912Z,BJenjRROw,3,6.80,2020-02-14
2020-10-26T11:07:29.902Z,BJenjRROw,4,7.88,2020-10-26
2020-10-26T19:28:22.853Z,BJenjRROw,5,7.00,2020-10-26
2020-01-26T19:28:26.155Z,BJenjRROw,6,6.67,2020-01-26
2020-12-11T05:49:30.283Z,BJenjRROw,7,5.82,2020-12-11
2020-11-05T08:53:05.165Z,BJenjRROw,8,6.72,2020-11-05
2020-07-29T06:05:34.270Z,BJenjRROw,9,6.13,2020-07-29
2020-04-14T06:30:00.333Z,BJenjRROw,10,5.46,2020-04-14
2020-02-19T11:43:39.987Z,BJenjRROw,11,5.38,2020-02-19
2020-01-25T00:52:50.655Z,BJenjRROw,12,5.98,2020-01-25
2020-10-25T17:01:51.270Z,BJenjRROw,13,7.17,2020-10-25
2020-09-15T12:11:35.810Z,BJenjRROw,14,7.03,2020-09-15
2020-02-10T20:22:38.293Z,BJenjRROw,15,7.62,2020-02-10
2020-01-27T13:28:19.090Z,BJenjRROw,16,5.85,2020-01-27
2020-06-10T08:47:04.517Z,BJenjRROw,17,6.87,2020-06-10
2020-12-18T15:29:45.521Z,BJenjRROw,18,5.39,2020-12-18
2020-03-14T19:08:48.794Z,BJenjRROw,19,5.76,2020-03-14
2020-01-05T19:09:19.030Z,BJenjRROw,20,5.63,2020-01-05
2020-05-06T14:31:30.906Z,BJenjRROw,21,6.29,2020-05-06
2020-12-10T17:55:29.073Z,BJenjRROw,22,7.03,2020-12-10
2020-03-19T15:30:58.473Z,BJenjRROw,23,7.64,2020-03-19
2020-04-08T00:11:22.094Z,BJenjRROw,24,7.81,2020-04-08
2020-03-08T15:07:00.415Z,BJenjRROw,25,7.46,2020-03-08
2020-04-04T18:32:22.630Z,BJenjRROw,26,7.00,2020-04-04
2020-02-18T14:04:28.262Z,BJenjRROw,27,7.96,2020-02-18
2020-01-28T08:17:30.933Z,BJenjRROw,28,6.60,2020-01-28
2020-09-19T03:12:36.011Z,BJenjRROw,29,5.75,2020-09-19
2020-09-14T23:38:53.456Z,BJenjRROw,30,6.83,2020-09-14
2020-10-04T18:15:10.877Z,BJenjRROw,31,5.02,2020-10-04
2020-11-24T10:45:02.700Z,BJenjRROw,32,7.51,2020-11-24
2020-09-27T03:05:58.722Z,BJenjRROw,33,6.04,2020-09-27
2020-12-13T03:29:03.720Z,BJenjRROw,34,5.47,2020-12-13
2020-07-09T02:00:36.156Z,BJenjRROw,35,7.41,2020-07-09
2020-06-29T17:31:53.820Z,BJenjRROw,36,5.49,2020-06-29
2020-03-20T13:38:49.785Z,BJenjRROw,37,6.66,2020-03-20
2020-03-15T01:29:45.517Z,BJenjRROw,38,6.00,2020-03-15
2020-08-13T10:30:28.162Z,BJenjRROw,39,5.11,2020-08-13
2020-05-22T09:52:42.938Z,BJenjRROw,40,7.02,2020-05-22
2020-06-16T12:22:16.735Z,BJenjRROw,41,7.52,2020-06-16
2020-07-20T15:00:17.249Z,BJenjRROw,42,6.89,2020-07-20
2020-08-15T12:18:00.466Z,BJenjRROw,43,5.28,2020-08-15
2020-06-29T14:14:09.633Z,BJenjRROw,44,7.15,2020-06-29
2020-07-07T08:26:13.866Z,BJenjRROw,45,7.84,2020-07-07
2020-11-21T08:52:04.105Z,BJenjRROw,46,6.24,2020-11-21
2020-04-26T03:59:28.982Z,BJenjRROw,47,7.14,2020-04-26
2020-09-24T23:59:09.682Z,BJenjRROw,48,7.40,2020-09-24
2020-09-06T20:30:54.074Z,BJenjRROw,49,7.17,2020-09-06
2020-06-28T10:43:59.289Z,BJenjRROw,50,7.82,2020-06-28
2020-03-05T19:34:21.849Z,BJenjRROw,51,5.49,2020-03-05
2020-08-23T05:23:53.094Z,BJenjRROw,52,7.89,2020-08-23
2020-03-25T16:41:07.806Z,BJenjRROw,53,6.28,2020-03-25
2020-08-11T17:30:37.088Z,BJenjRROw,54,5.68,2020-08-11
2020-01-15T02:29:47.988Z,BJenjRROw,55,7.87,2020-01-15
2020-10-12T09:37:25.896Z,BJenjRROw,56,5.88,2020-10-12
2020-09-03T10:23:51.792Z,BJenjRROw,57,5.63,2020-09-03
2020-04-21T17:05:53.123Z,BJenjRROw,58,7.50,2020-04-21
2020-10-14T22:31:43.400Z,BJenjRROw,59,5.45,2020-10-14
2020-02-01T00:35:18.550Z,BJenjRROw,60,7.27,2020-02-01
2020-06-01T17:59:44.460Z,BJenjRROw,61,6.43,2020-06-01
2020-08-14T05:26:19.541Z,BJenjRROw,62,6.94,2020-08-14
2020-02-25T00:30:45.112Z,BJenjRROw,63,5.71,2020-02-25
2020-08-02T11:02:02.431Z,BJenjRROw,64,6.27,2020-08-02
2020-01-02T05:12:25.625Z,BJenjRROw,65,7.13,2020-01-02
2020-03-26T12:11:52.672Z,BJenjRROw,66,7.17,2020-03-26
2020-07-07T12:29:44.967Z,BJenjRROw,67,5.73,2020-07-07
2020-05-18T18:37:54.380Z,BJenjRROw,68,5.17,2020-05-18
2020-03-19T08:46:50.477Z,BJenjRROw,69,5.83,2020-03-19
2020-12-01T10:48:15.556Z,BJenjRROw,70,6.51,2020-12-01
2020-07-08T11:12:39.264Z,BJenjRROw,71,6.62,2020-07-08
2020-04-21T18:38:01.019Z,BJenjRROw,72,6.87,2020-04-21
2020-06-02T04:04:42.293Z,BJenjRROw,73,5.53,2020-06-02
2020-06-02T00:10:03.506Z,BJenjRROw,74,7.58,2020-06-02
2020-09-29T09:09:34.943Z,BJenjRROw,75,7.09,2020-09-29
2020-08-25T13:22:54.945Z,BJenjRROw,76,6.49,2020-08-25
2020-02-04T02:04:03.980Z,BJenjRROw,77,5.86,2020-02-04
2020-08-25T19:02:10.992Z,BJenjRROw,78,5.37,2020-08-25
2020-02-18T08:54:46.405Z,BJenjRROw,79,6.96,2020-02-18
2020-02-18T17:00:10.834Z,BJenjRROw,80,7.33,2020-02-18
2020-01-22T19:33:10.638Z,BJenjRROw,81,7.50,2020-01-22
2020-08-01T19:08:22.710Z,BJenjRROw,82,5.40,2020-08-01
2020-03-18T18:23:18.502Z,BJenjRROw,83,5.39,2020-03-18
2020-01-11T08:03:48.001Z,BJenjRROw,84,7.64,2020-01-11
2020-11-21T20:01:27.909Z,BJenjRROw,85,6.23,2020-11-21
2020-11-11T14:52:42.270Z,BJenjRROw,86,6.93,2020-11-11
2020-03-18T01:07:07.926Z,BJenjRROw,87,5.23,2020-03-18
2020-05-02T11:58:07.495Z,BJenjRROw,88,6.92,2020-05-02
2020-10-18T20:08:53.515Z,BJenjRROw,89,6.22,2020-10-18
2020-08-20T03:54:34.862Z,BJenjRROw,90,7.41,2020-08-20
2020-03-10T23:19:36.386Z,BJenjRROw,91,6.73,2020-03-10
2020-12-15T16:08:17.504Z,BJenjRROw,92,7.58,2020-12-15
2020-08-02T05:54:46.101Z,BJenjRROw,93,7.16,2020-08-02
2020-09-15T23:33:37.878Z,BJenjRROw,94,7.33,2020-09-15
2020-07-31T02:02:00.826Z,BJenjRROw,95,6.81,2020-07-31
2020-05-14T06:34:44.397Z,BJenjRROw,96,5.64,2020-05-14
2020-11-09T10:52:06.432Z,BJenjRROw,97,6.97,2020-11-09
2020-05-29T09:29:35.550Z,BJenjRROw,98,6.54,2020-05-29
2020-09-19T20:32:59.957Z,BJenjRROw,99,7.34,2020-09-19
2020-06-22T19:24:32.168Z,BJenjRROw,100,5.68,2020-06-22
2020-07-03T12:23:14.750Z,BJenjRROw,101,7.31,2020-07-03
2020-09-13T10:37:15.099Z,BJenjRROw,102,7.69,2020-09-13
2020-02-18T09:24:31.004Z,BJenjRROw,103,7.21,2020-02-18
2020-01-29T21:34:25.004Z,BJenjRROw,104,7.71,2020-01-29
2020-06-09T11:59:44.528Z,BJenjRROw,105,6.82,2020-06-09
2020-02-09T02:07:47.905Z,BJenjRROw,106,6.29,2020-02-09
2020-08-26T11:30:47.095Z,BJenjRROw,107,7.71,2020-08-26
2020-02-29T07:51:22.375Z,BJenjRROw,108,6.60,2020-02-29
2020-08-15T07:10:34.375Z,BJenjRROw,109,5.23,2020-08-15
2020-05-08T06:18:35.002Z,BJenjRROw,110,5.37,2020-05-08
2020-03-21T05:07:26.669Z,BJenjRROw,111,6.91,2020-03-21
2020-08-10T19:56:21.006Z,BJenjRROw,112,7.20,2020-08-10
2020-06-08T09:03:46.069Z,BJenjRROw,113,5.88,2020-06-08
2020-04-07T08:11:46.361Z,BJenjRROw,114,7.51,2020-04-07
2020-07-10T12:43:30.895Z,BJenjRROw,115,7.45,2020-07-10
2020-02-07T09:16:10.299Z,BJenjRROw,116,5.82,2020-02-07
2020-11-26T03:41:19.105Z,BJenjRROw,117,5.67,2020-11-26
2020-08-10T22:11:54.156Z,BJenjRROw,118,6.87,2020-08-10
2020-10-04T06:36:15.999Z,BJenjRROw,119,7.83,2020-10-04
2020-12-23T20:02:49.309Z,BJenjRROw,120,6.38,2020-12-23
2020-02-11T03:41:04.891Z,BJenjRROw,121,5.92,2020-02-11
2020-07-19T03:45:23.821Z,BJenjRROw,122,5.09,2020-07-19
2020-09-30T02:38:22.072Z,BJenjRROw,123,6.03,2020-09-30
2020-04-09T21:11:20.064Z,BJenjRROw,124,5.70,2020-04-09
2020-04-29T07:35:59.177Z,BJenjRROw,125,6.64,2020-04-29
2020-06-30T19:08:29.972Z,BJenjRROw,126,5.52,2020-06-30
2020-01-20T06:44:37.747Z,BJenjRROw,127,7.54,2020-01-20
2020-11-01T23:10:16.282Z,BJenjRROw,128,7.01,2020-11-01
2020-10-31T14:46:09.175Z,BJenjRROw,129,7.53,2020-10-31
2020-05-01T03:58:25.381Z,BJenjRROw,130,7.03,2020-05-01
2020-01-19T21:51:42.095Z,BJenjRROw,131,5.41,2020-01-19
2020-01-09T07:22:51.943Z,BJenjRROw,132,5.10,2020-01-09
2020-04-12T03:29:46.399Z,BJenjRROw,133,5.57,2020-04-12
2020-09-14T05:41:16.668Z,BJenjRROw,134,6.30,2020-09-14
2020-05-25T14:56:12.927Z,BJenjRROw,135,5.86,2020-05-25
2020-07-27T08:37:21.052Z,BJenjRROw,136,7.30,2020-07-27
2020-09-12T18:41:28.881Z,BJenjRROw,137,5.81,2020-09-12
2020-04-17T06:17:27.985Z,BJenjRROw,138,6.31,2020-04-17
2020-03-13T09:09:14.801Z,BJenjRROw,139,5.10,2020-03-13
2020-07-11T19:12:31.899Z,BJenjRROw,140,6.89,2020-07-11
2020-07-04T02:47:49.609Z,BJenjRROw,141,7.25,2020-07-04
2020-11-24T14:38:06.663Z,BJenjRROw,142,5.28,2020-11-24
2020-06-07T05:53:23.828Z,BJenjRROw,143,6.70,2020-06-07
2020-01-08T12:12:22.721Z,BJenjRROw,144,6.00,2020-01-08
2020-10-09T11:45:12.776Z,BJenjRROw,145,7.93,2020-10-09
2020-10-03T17:21:36.597Z,BJenjRROw,146,7.68,2020-10-03
2020-06-14T11:08:32.587Z,BJenjRROw,147,6.50,2020-06-14
2020-04-16T19:07:55.622Z,BJenjRROw,148,6.68,2020-04-16
2020-01-24T08:00:22.329Z,BJenjRROw,149,5.20,2020-01-24
2020-01-30T05:41:36.740Z,BJenjRROw,150,6.76,2020-01-30
2020-11-26T15:56:07.012Z,BJenjRROw,151,6.46,2020-11-26
2020-03-24T23:48:09.924Z,BJenjRROw,152,5.11,2020-03-24
2020-05-30T04:04:11.015Z,BJenjRROw,153,7.01,2020-05-30
2020-11-09T14:37:41.508Z,BJenjRROw,154,5.52,2020-11-09
2020-02-25T00:28:38.214Z,BJenjRROw,155,6.77,2020-02-25
2020-05-26T21:15:19.625Z,BJenjRROw,156,5.43,2020-05-26
2020-03-22T22:24:38.640Z,BJenjRROw,157,5.77,2020-03-22
2020-06-17T08:26:58.669Z,BJenjRROw,158,6.59,2020-06-17
2020-08-14T01:26:18.828Z,BJenjRROw,159,5.57,2020-08-14
2020-08-09T18:55:03.522Z,BJenjRROw,160,7.55,2020-08-09
2020-11-03T02:35:03.677Z,BJenjRROw,161,5.93,2020-11-03
2020-12-06T05:01:41.641Z,BJenjRROw,162,6.43,2020-12-06
2020-07-27T11:48:45.410Z,BJenjRROw,163,7.00,2020-07-27
2020-04-01T09:35:19.762Z,BJenjRROw,164,6.53,2020-04-01
2020-09-07T02:33:43.078Z,BJenjRROw,165,6.34,2020-09-07
2020-06-17T00:28:02.751Z,BJenjRROw,166,5.92,2020-06-17
2020-01-28T23:10:44.082Z,BJenjRROw,167,5.48,2020-01-28
2020-08-25T23:17:20.473Z,BJenjRROw,168,5.37,2020-08-25
2020-08-31T13:18:56.688Z,BJenjRROw,169,7.01,2020-08-31
2020-08-13T21:45:48.294Z,BJenjRROw,170,7.42,2020-08-13
2020-10-05T12:31:33.326Z,BJenjRROw,171,7.07,2020-10-05
2020-01-01T13:13:18.533Z,BJenjRROw,172,5.76,2020-01-01
2020-04-23T21:16:59.316Z,BJenjRROw,173,7.08,2020-04-23
2020-03-26T21:29:20.998Z,BJenjRROw,174,7.00,2020-03-26
2020-06-02T18:11:11.371Z,BJenjRROw,175,6.44,2020-06-02
2020-03-03T15:09:41.911Z,BJenjRROw,176,6.11,2020-03-03
2020-04-16T23:02:47.408Z,BJenjRROw,177,5.17,2020-04-16
2020-11-21T09:52:42.816Z,BJenjRROw,178,6.35,2020-11-21
2020-06-12T02:19:41.610Z,BJenjRROw,179,6.24,2020-06-12
2020-08-16T04:37:32.348Z,BJenjRROw,180,6.86,2020-08-16
2020-09-01T09:07:09.475Z,BJenjRROw,181,6.19,2020-09-01
2020-12-23T19:00:03.845Z,BJenjRROw,182,5.90,2020-12-23
2020-10-12T18:12:39.110Z,BJenjRROw,183,6.31,2020-10-12
2020-10-10T00:03:14.181Z,BJenjRROw,184,6.25,2020-10-10
2020-05-07T08:55:38.715Z,BJenjRROw,185,5.99,2020-05-07
2020-02-21T20:24:27.377Z,BJenjRROw,186,5.36,2020-02-21
2020-12-16T19:28:07.894Z,BJenjRROw,187,5.31,2020-12-16
2020-10-27T18:24:37.458Z,BJenjRROw,188,5.73,2020-10-27
2020-04-20T15:19:03.526Z,BJenjRROw,189,6.78,2020-04-20
2020-10-25T10:50:19.150Z,BJenjRROw,190,5.84,2020-10-25
2020-08-26T15:31:47.792Z,BJenjRROw,191,6.18,2020-08-26
2020-07-13T19:21:36.225Z,BJenjRROw,192,6.02,2020-07-13
2020-11-29T11:53:32.864Z,BJenjRROw,193,5.76,2020-11-29
2020-10-27T20:19:49.787Z,BJenjRROw,194,6.65,2020-10-27
2020-03-15T20:28:35.364Z,BJenjRROw,195,6.30,2020-03-15
2020-02-29T12:41:54.648Z,BJenjRROw,196,7.01,2020-02-29
2020-09-25T05:47:45.414Z,BJenjRROw,197,5.20,2020-09-25
2020-02-14T17:28:56.554Z,BJenjRROw,198,7.87,2020-02-14
2020-03-19T01:25:16.187Z,BJenjRROw,199,7.76,2020-03-19
2020-12-08T13:57:45.177Z,BJenjRROw,200,5.41,2020-12-08
2020-08-23T00:13:34.907Z,BJenjRROw,201,6.13,2020-08-23
2020-02-10T11:33:23.319Z,BJenjRROw,202,7.94,2020-02-10
2020-07-04T00:06:37.551Z,BJenjRROw,203,5.55,2020-07-04
2020-07-05T22:19:53.086Z,BJenjRROw,204,6.62,2020-07-05
2020-07-14T00:55:06.122Z,BJenjRROw,205,5.73,2020-07-14
2020-09-23T22:21:26.317Z,BJenjRROw,206,5.56,2020-09-23
2020-05-19T19:50:53.608Z,BJenjRROw,207,7.03,2020-05-19
2020-05-13T18:10:21.069Z,BJenjRROw,208,5.12,2020-05-13
2020-10-24T18:00:55.906Z,BJenjRROw,209,6.42,2020-10-24
2020-01-16T18:46:46.847Z,BJenjRROw,210,5.17,2020-01-16
2020-08-29T05:43:02.293Z,BJenjRROw,211,7.96,2020-08-29
2020-10-02T04:48:26.618Z,BJenjRROw,212,5.07,2020-10-02
2020-10-04T09:28:27.903Z,BJenjRROw,213,7.07,2020-10-04
2020-11-21T08:25:03.462Z,BJenjRROw,214,5.94,2020-11-21
2020-10-05T04:00:55.216Z,BJenjRROw,215,6.79,2020-10-05
2020-05-25T12:07:16.318Z,BJenjRROw,216,5.45,2020-05-25
2020-02-18T09:56:05.466Z,BJenjRROw,217,7.11,2020-02-18
2020-07-01T13:58:47.427Z,BJenjRROw,218,6.75,2020-07-01
2020-07-15T08:53:56.441Z,BJenjRROw,219,7.35,2020-07-15
2020-02-15T23:15:24.525Z,BJenjRROw,220,6.09,2020-02-15
2020-07-29T00:42:36.737Z,BJenjRROw,221,5.80,2020-07-29
2020-09-30T20:41:13.516Z,BJenjRROw,222,5.52,2020-09-30
2020-12-15T21:46:08.495Z,BJenjRROw,223,6.96,2020-12-15
2020-03-03T12:00:55.778Z,BJenjRROw,224,6.90,2020-03-03
2020-07-27T09:53:23.326Z,BJenjRROw,225,6.37,2020-07-27
2020-02-29T07:14:20.428Z,BJenjRROw,226,7.41,2020-02-29
2020-01-09T07:43:01.207Z,BJenjRROw,227,7.56,2020-01-09
2020-05-17T04:55:24.994Z,BJenjRROw,228,5.01,2020-05-17
2020-11-28T16:08:37.871Z,BJenjRROw,229,6.29,2020-11-28
2020-08-17T19:26:11.451Z,BJenjRROw,230,5.39,2020-08-17
2020-01-03T21:25:53.342Z,BJenjRROw,231,5.59,2020-01-03
2020-10-05T04:33:42.906Z,BJenjRROw,232,6.82,2020-10-05
2020-11-12T18:59:57.131Z,BJenjRROw,233,7.78,2020-11-12
2020-06-04T01:22:45.432Z,BJenjRROw,234,5.04,2020-06-04
2020-01-08T11:10:16.170Z,BJenjRROw,235,5.20,2020-01-08
2020-12-06T19:05:12.661Z,BJenjRROw,236,7.46,2020-12-06
2020-12-20T06:22:16.456Z,BJenjRROw,237,6.95,2020-12-20
2020-01-13T19:51:40.162Z,BJenjRROw,238,7.78,2020-01-13
2020-07-21T06:34:59.924Z,BJenjRROw,239,6.67,2020-07-21
2020-11-07T12:49:58.595Z,BJenjRROw,240,6.17,2020-11-07
2020-08-10T19:11:27.625Z,BJenjRROw,241,7.69,2020-08-10
2020-08-02T08:09:52.440Z,BJenjRROw,242,5.85,2020-08-02
2020-10-16T03:01:25.630Z,BJenjRROw,243,6.47,2020-10-16
2020-03-31T02:53:43.483Z,BJenjRROw,244,5.14,2020-03-31
2020-10-12T11:05:04.996Z,BJenjRROw,245,6.07,2020-10-12
2020-01-11T12:29:38.761Z,BJenjRROw,246,6.48,2020-01-11
2020-04-25T22:40:17.059Z,BJenjRROw,247,6.02,2020-04-25
2020-11-03T08:03:16.057Z,BJenjRROw,248,7.61,2020-11-03
2020-06-09T15:33:01.221Z,BJenjRROw,249,7.45,2020-06-09
2020-09-18T20:53:02.134Z,BJenjRROw,250,6.65,2020-09-18
2020-01-26T20:38:57.237Z,BJenjRROw,251,6.27,2020-01-26
2020-03-08T21:45:20.940Z,BJenjRROw,252,6.93,2020-03-08
2020-06-24T14:41:33.714Z,BJenjRROw,253,6.27,2020-06-24
2020-05-17T18:51:14.771Z,BJenjRROw,254,5.00,2020-05-17
2020-08-30T08:29:17.276Z,BJenjRROw,255,7.17,2020-08-30
2020-04-23T04:34:43.478Z,BJenjRROw,256,5.25,2020-04-23
2020-03-30T08:02:24.118Z,BJenjRROw,257,6.61,2020-03-30
2020-09-11T14:03:14.832Z,BJenjRROw,258,6.80,2020-09-11
2020-05-02T15:06:51.769Z,BJenjRROw,259,5.16,2020-05-02
2020-04-19T15:00:46.955Z,BJenjRROw,260,6.92,2020-04-19
2020-12-20T02:45:14.808Z,BJenjRROw,261,6.82,2020-12-20
2020-04-01T14:37:37.283Z,BJenjRROw,262,7.92,2020-04-01
2020-06-10T18:12:24.057Z,BJenjRROw,263,7.96,2020-06-10
2020-11-05T05:23:14.153Z,BJenjRROw,264,7.02,2020-11-05
2020-02-01T03:00:24.026Z,BJenjRROw,265,7.32,2020-02-01
2020-11-21T13:29:08.246Z,BJenjRROw,266,6.43,2020-11-21
2020-01-18T21:33:46.194Z,BJenjRROw,267,5.62,2020-01-18
2020-10-07T03:41:30.082Z,BJenjRROw,268,7.08,2020-10-07
2020-11-24T20:49:56.478Z,BJenjRROw,269,7.40,2020-11-24
2020-06-06T23:26:42.210Z,BJenjRROw,270,5.53,2020-06-06
2020-11-29T18:16:44.989Z,BJenjRROw,271,5.34,2020-11-29
2020-12-07T06:00:12.432Z,BJenjRROw,272,5.92,2020-12-07
2020-11-04T19:58:31.136Z,BJenjRROw,273,7.83,2020-11-04
2020-01-08T14:16:41.732Z,BJenjRROw,274,7.60,2020-01-08
2020-08-24T11:13:53.775Z,BJenjRROw,275,6.21,2020-08-24
2020-08-02T03:02:43.608Z,BJenjRROw,276,6.29,2020-08-02
2020-03-12T13:02:30.565Z,BJenjRROw,277,7.78,2020-03-12
2020-11-16T12:48:43.682Z,BJenjRROw,278,6.34,2020-11-16
2020-09-08T22:01:31.545Z,BJenjRROw,279,5.75,2020-09-08
2020-06-12T22:39:44.189Z,BJenjRROw,280,6.29,2020-06-12
2020-11-13T04:29:36.172Z,BJenjRROw,281,6.88,2020-11-13
2020-08-14T13:45:32.292Z,BJenjRROw,282,7.71,2020-08-14
2020-11-10T08:51:06.534Z,BJenjRROw,283,6.89,2020-11-10
2020-04-12T13:52:54.119Z,BJenjRROw,284,7.15,2020-04-12
2020-02-02T09:29:02.334Z,BJenjRROw,285,7.20,2020-02-02
2020-03-10T04:37:58.500Z,BJenjRROw,286,6.74,2020-03-10
2020-11-03T04:09:28.579Z,BJenjRROw,287,7.67,2020-11-03
2020-05-22T19:46:13.403Z,BJenjRROw,288,7.09,2020-05-22
2020-01-07T08:03:40.365Z,BJenjRROw,289,6.42,2020-01-07
2020-08-23T12:44:33.528Z,BJenjRROw,290,6.85,2020-08-23
2020-10-30T20:48:20.857Z,BJenjRROw,291,5.51,2020-10-30
2020-02-25T17:52:55.465Z,BJenjRROw,292,7.69,2020-02-25
2020-01-13T07:33:28.662Z,BJenjRROw,293,5.12,2020-01-13
2020-05-13T16:17:06.026Z,BJenjRROw,294,5.65,2020-05-13
2020-04-28T10:11:56.356Z,BJenjRROw,295,6.44,2020-04-28
2020-10-13T16:30:09.065Z,BJenjRROw,296,6.88,2020-10-13
2020-05-17T01:40:57.080Z,BJenjRROw,297,6.99,2020-05-17
2020-02-29T07:43:23.184Z,BJenjRROw,298,6.12,2020-02-29
2020-07-27T14:49:50.512Z,BJenjRROw,299,7.41,2020-07-27
2020-01-25T22:00:40.503Z,BJenjRROw,300,5.51,2020-01-25
2020-07-04T15:11:01.814Z,BJenjRROw,301,7.53,2020-07-04
2020-06-26T16:04:05.569Z,BJenjRROw,302,5.51,2020-06-26
2020-07-26T06:16:03.830Z,BJenjRROw,303,6.93,2020-07-26
2020-05-26T18:56:56.727Z,BJenjRROw,304,6.07,2020-05-26
2020-06-04T12:16:41.747Z,BJenjRROw,305,6.66,2020-06-04
2020-11-05T21:27:15.849Z,BJenjRROw,306,6.47,2020-11-05
2020-07-24T15:50:25.354Z,BJenjRROw,307,7.45,2020-07-24
2020-05-22T02:14:30.098Z,BJenjRROw,308,7.21,2020-05-22
2020-11-14T03:20:14.174Z,BJenjRROw,309,7.44,2020-11-14
2020-11-20T07:06:56.050Z,BJenjRROw,310,6.13,2020-11-20
2020-08-30T14:14:34.027Z,BJenjRROw,311,6.97,2020-08-30
2020-12-12T06:10:32.085Z,BJenjRROw,312,7.78,2020-12-12
2020-04-30T03:32:11.450Z,BJenjRROw,313,7.37,2020-04-30
2020-05-17T04:01:09.916Z,BJenjRROw,314,6.97,2020-05-17
2020-11-14T09:07:00.388Z,BJenjRROw,315,6.56,2020-11-14
2020-02-14T06:15:17.405Z,BJenjRROw,316,6.30,2020-02-14
2020-06-04T00:17:00.295Z,BJenjRROw,317,7.44,2020-06-04
2020-11-28T09:25:41.558Z,BJenjRROw,318,7.11,2020-11-28
2020-12-15T06:07:54.043Z,BJenjRROw,319,6.17,2020-12-15
2020-10-13T06:36:01.042Z,BJenjRROw,320,5.97,2020-10-13
2020-03-23T21:28:02.784Z,BJenjRROw,321,5.17,2020-03-23
2020-02-25T16:03:11.206Z,BJenjRROw,322,6.34,2020-02-25
2020-11-08T22:10:10.317Z,BJenjRROw,323,6.15,2020-11-08
2020-10-18T21:54:19.275Z,BJenjRROw,324,6.33,2020-10-18
2020-08-29T14:01:51.204Z,BJenjRROw,325,6.12,2020-08-29
2020-08-22T12:41:08.293Z,BJenjRROw,326,6.87,2020-08-22
2020-04-21T10:21:31.598Z,BJenjRROw,327,6.62,2020-04-21
2020-05-17T17:26:02.258Z,BJenjRROw,328,7.12,2020-05-17
2020-03-06T21:19:05.129Z,BJenjRROw,329,5.42,2020-03-06
2020-04-02T18:09:02.090Z,BJenjRROw,330,5.44,2020-04-02
2020-08-19T19:58:54.288Z,BJenjRROw,331,6.68,2020-08-19
2020-01-27T11:08:18.171Z,BJenjRROw,332,6.04,2020-01-27
2020-06-22T17:42:46.148Z,BJenjRROw,333,6.22,2020-06-22
2020-11-10T00:55:17.235Z,BJenjRROw,334,6.91,2020-11-10
2020-01-15T02:52:14.006Z,BJenjRROw,335,6.58,2020-01-15
2020-01-01T20:40:48.924Z,BJenjRROw,336,6.16,2020-01-01
2020-07-28T09:47:47.916Z,BJenjRROw,337,7.98,2020-07-28
2020-08-31T16:15:01.204Z,BJenjRROw,338,7.95,2020-08-31
2020-09-24T01:39:13.211Z,BJenjRROw,339,6.48,2020-09-24
2020-08-13T15:02:13.063Z,BJenjRROw,340,6.74,2020-08-13
2020-02-29T23:18:50.516Z,BJenjRROw,341,6.18,2020-02-29
2020-02-02T16:48:57.142Z,BJenjRROw,342,5.12,2020-02-02
2020-08-25T19:59:32.208Z,BJenjRROw,343,5.89,2020-08-25
2020-02-26T08:54:50.927Z,BJenjRROw,344,7.46,2020-02-26
2020-11-20T10:53:47.123Z,BJenjRROw,345,6.32,2020-11-20
2020-06-23T04:55:29.944Z,BJenjRROw,346,6.10,2020-06-23
2020-01-24T19:07:25.233Z,BJenjRROw,347,7.86,2020-01-24
2020-09-09T08:33:38.582Z,BJenjRROw,348,6.11,2020-09-09
2020-12-12T22:25:12.265Z,BJenjRROw,349,7.67,2020-12-12
2020-02-15T16:47:53.433Z,BJenjRROw,350,7.67,2020-02-15
2020-09-20T09:04:02.448Z,BJenjRROw,351,7.16,2020-09-20
2020-03-14T01:28:46.994Z,BJenjRROw,352,5.24,2020-03-14
2020-02-11T07:14:54.084Z,BJenjRROw,353,5.21,2020-02-11
2020-08-09T00:03:16.277Z,BJenjRROw,354,7.41,2020-08-09
2020-06-16T10:32:25.621Z,BJenjRROw,355,7.50,2020-06-16
2020-08-19T23:45:45.908Z,BJenjRROw,356,5.44,2020-08-19
2020-06-08T02:38:41.961Z,BJenjRROw,357,5.28,2020-06-08
2020-03-11T03:33:32.632Z,BJenjRROw,358,6.15,2020-03-11
2020-05-04T08:56:40.716Z,BJenjRROw,359,6.71,2020-05-04
2020-06-03T06:56:11.337Z,BJenjRROw,360,6.12,2020-06-03
2020-01-15T10:13:57.861Z,BJenjRROw,361,5.58,2020-01-15
2020-11-28T19:23:38.158Z,BJenjRROw,362,7.63,2020-11-28
2020-06-06T00:14:30.611Z,BJenjRROw,363,6.05,2020-06-06
2020-01-03T12:14:03.367Z,BJenjRROw,364,6.20,2020-01-03
2020-09-17T04:03:57.219Z,BJenjRROw,365,7.31,2020-09-17
2020-09-15T02:13:41.783Z,BJenjRROw,366,6.90,2020-09-15
2020-10-20T07:00:35.577Z,BJenjRROw,367,5.62,2020-10-20
2020-10-24T08:55:10.198Z,BJenjRROw,368,5.66,2020-10-24
2020-11-01T05:14:45.530Z,BJenjRROw,369,6.75,2020-11-01
2020-12-10T14:07:02.852Z,BJenjRROw,370,7.87,2020-12-10
2020-10-16T21:18:29.670Z,BJenjRROw,371,7.82,2020-10-16
2020-09-21T17:00:57.387Z,BJenjRROw,372,5.04,2020-09-21
2020-06-21T01:16:14.296Z,BJenjRROw,373,7.85,2020-06-21
2020-06-03T15:46:47.192Z,BJenjRROw,374,6.11,2020-06-03
2020-02-27T06:15:19.597Z,BJenjRROw,375,5.51,2020-02-27
2020-03-06T08:06:13.065Z,BJenjRROw,376,7.43,2020-03-06
2020-11-25T14:06:09.625Z,BJenjRROw,377,6.97,2020-11-25
2020-06-29T02:23:24.253Z,BJenjRROw,378,6.45,2020-06-29
2020-02-19T11:38:21.107Z,BJenjRROw,379,6.28,2020-02-19
2020-02-19T11:00:35.196Z,BJenjRROw,380,5.86,2020-02-19
2020-01-11T01:01:38.468Z,BJenjRROw,381,5.75,2020-01-11
2020-08-13T03:39:15.644Z,BJenjRROw,382,7.32,2020-08-13
2020-02-18T15:35:16.051Z,BJenjRROw,383,6.71,2020-02-18
2020-10-14T04:37:25.609Z,BJenjRROw,384,6.16,2020-10-14
2020-02-12T14:18:43.169Z,BJenjRROw,385,6.58,2020-02-12
2020-04-16T23:02:06.058Z,BJenjRROw,386,6.24,2020-04-16
2020-05-27T04:14:19.681Z,BJenjRROw,387,5.95,2020-05-27
2020-07-21T06:39:02.699Z,BJenjRROw,388,5.26,2020-07-21
2020-08-26T21:54:07.917Z,BJenjRROw,389,7.24,2020-08-26
2020-11-22T10:41:17.019Z,BJenjRROw,390,5.85,2020-11-22
2020-06-16T21:58:45.532Z,BJenjRROw,391,7.37,2020-06-16
2020-02-04T12:28:09.110Z,BJenjRROw,392,5.80,2020-02-04
2020-04-02T03:48:59.404Z,BJenjRROw,393,7.60,2020-04-02
2020-08-25T13:15:08.386Z,BJenjRROw,394,6.17,2020-08-25
2020-03-29T17:31:06.098Z,BJenjRROw,395,5.08,2020-03-29
2020-06-21T07:30:15.226Z,BJenjRROw,396,6.49,2020-06-21
2020-06-24T23:42:21.182Z,BJenjRROw,397,7.84,2020-06-24
2020-03-13T09:53:00.278Z,BJenjRROw,398,7.41,2020-03-13
2020-11-28T09:08:09.900Z,BJenjRROw,399,7.59,2020-11-28
2020-01-30T01:32:03.940Z,BJenjRROw,400,5.26,2020-01-30
2020-12-15T04:42:47.652Z,BJenjRROw,401,6.48,2020-12-15
2020-12-22T21:26:23.659Z,BJenjRROw,402,6.11,2020-12-22
2020-05-20T06:09:32.012Z,BJenjRROw,403,6.72,2020-05-20
2020-11-07T04:01:56.718Z,BJenjRROw,404,5.79,2020-11-07
2020-09-06T03:45:22.927Z,BJenjRROw,405,7.01,2020-09-06
2020-09-24T01:07:57.096Z,BJenjRROw,406,6.69,2020-09-24
2020-07-06T01:41:36.102Z,BJenjRROw,407,7.47,2020-07-06
2020-05-07T12:45:28.048Z,BJenjRROw,408,6.98,2020-05-07
2020-10-21T21:05:42.933Z,BJenjRROw,409,6.92,2020-10-21
2020-05-08T22:37:33.026Z,BJenjRROw,410,5.92,2020-05-08
2020-03-25T00:10:45.063Z,BJenjRROw,411,5.03,2020-03-25
2020-05-06T08:31:22.927Z,BJenjRROw,412,6.40,2020-05-06
2020-01-09T07:42:52.406Z,BJenjRROw,413,7.41,2020-01-09
2020-10-05T04:01:11.808Z,BJenjRROw,414,7.86,2020-10-05
2020-12-02T21:30:09.921Z,BJenjRROw,415,5.96,2020-12-02
2020-12-12T11:12:11.663Z,BJenjRROw,416,6.10,2020-12-12
2020-11-22T14:55:55.034Z,BJenjRROw,417,7.56,2020-11-22
2020-09-27T04:32:19.109Z,BJenjRROw,418,6.84,2020-09-27
2020-04-10T09:39:14.127Z,BJenjRROw,419,5.63,2020-04-10
2020-03-14T12:36:52.121Z,BJenjRROw,420,7.19,2020-03-14
2020-10-22T20:21:57.408Z,BJenjRROw,421,5.31,2020-10-22
2020-04-08T22:38:16.989Z,BJenjRROw,422,5.52,2020-04-08
2020-01-29T13:35:20.610Z,BJenjRROw,423,5.01,2020-01-29
2020-08-22T05:48:17.376Z,BJenjRROw,424,5.16,2020-08-22
2020-11-14T22:18:54.015Z,BJenjRROw,425,6.77,2020-11-14
2020-06-23T15:04:06.502Z,BJenjRROw,426,7.19,2020-06-23
2020-07-16T07:50:16.226Z,BJenjRROw,427,6.21,2020-07-16
2020-08-19T01:53:01.508Z,BJenjRROw,428,7.40,2020-08-19
2020-04-15T10:07:30.676Z,BJenjRROw,429,7.42,2020-04-15
2020-05-29T19:03:18.919Z,BJenjRROw,430,7.32,2020-05-29
2020-08-14T19:50:42.765Z,BJenjRROw,431,5.36,2020-08-14
2020-10-31T09:08:46.842Z,BJenjRROw,432,7.22,2020-10-31
2020-06-07T08:21:03.749Z,BJenjRROw,433,6.40,2020-06-07
2020-10-02T17:03:33.515Z,BJenjRROw,434,7.92,2020-10-02
2020-03-18T11:52:56.850Z,BJenjRROw,435,6.47,2020-03-18
2020-02-22T05:23:25.054Z,BJenjRROw,436,6.48,2020-02-22
2020-12-17T06:31:16.178Z,BJenjRROw,437,7.06,2020-12-17
2020-04-12T13:32:38.711Z,BJenjRROw,438,7.39,2020-04-12
2020-06-19T08:05:42.804Z,BJenjRROw,439,7.06,2020-06-19
2020-04-26T13:31:20.397Z,BJenjRROw,440,5.88,2020-04-26
2020-07-13T04:14:16.507Z,BJenjRROw,441,6.72,2020-07-13
2020-10-01T07:46:27.896Z,BJenjRROw,442,5.21,2020-10-01
2020-08-12T06:11:33.461Z,BJenjRROw,443,7.51,2020-08-12
2020-04-10T02:18:02.663Z,BJenjRROw,444,6.37,2020-04-10
2020-02-19T18:56:48.351Z,BJenjRROw,445,5.09,2020-02-19
2020-10-27T09:15:47.746Z,BJenjRROw,446,6.54,2020-10-27
2020-08-22T17:38:58.796Z,BJenjRROw,447,5.77,2020-08-22
2020-11-06T17:41:50.185Z,BJenjRROw,448,5.02,2020-11-06
2020-11-02T20:25:10.676Z,BJenjRROw,449,5.53,2020-11-02
2020-03-13T20:48:10.580Z,BJenjRROw,450,6.14,2020-03-13
2020-05-09T16:32:25.181Z,BJenjRROw,451,6.12,2020-05-09
2020-03-06T20:28:08.717Z,BJenjRROw,452,7.87,2020-03-06
2020-06-01T19:55:48.418Z,BJenjRROw,453,7.68,2020-06-01
2020-12-01T09:36:54.549Z,BJenjRROw,454,7.51,2020-12-01
2020-11-01T05:37:23.233Z,BJenjRROw,455,7.67,2020-11-01
2020-11-29T20:12:57.404Z,BJenjRROw,456,5.83,2020-11-29
2020-05-13T21:08:08.996Z,BJenjRROw,457,7.79,2020-05-13
2020-05-08T00:14:15.152Z,BJenjRROw,458,6.34,2020-05-08
2020-06-12T22:53:29.932Z,BJenjRROw,459,7.11,2020-06-12
2020-06-09T07:11:32.675Z,BJenjRROw,460,6.13,2020-06-09
2020-05-14T13:14:59.008Z,BJenjRROw,461,7.27,2020-05-14
2020-05-05T01:34:31.225Z,BJenjRROw,462,7.33,2020-05-05
2020-01-28T10:36:22.329Z,BJenjRROw,463,6.47,2020-01-28
2020-02-27T04:32:05.440Z,BJenjRROw,464,7.11,2020-02-27
2020-09-24T17:43:49.114Z,BJenjRROw,465,5.28,2020-09-24
2020-04-15T09:48:51.494Z,BJenjRROw,466,6.29,2020-04-15
2020-11-16T22:24:17.848Z,BJenjRROw,467,7.42,2020-11-16
2020-08-02T23:34:21.218Z,BJenjRROw,468,7.83,2020-08-02
2020-11-30T01:07:16.235Z,BJenjRROw,469,7.90,2020-11-30
2020-11-29T07:06:02.033Z,BJenjRROw,470,6.61,2020-11-29
2020-05-15T19:12:15.010Z,BJenjRROw,471,6.94,2020-05-15
2020-07-06T05:27:12.827Z,BJenjRROw,472,7.95,2020-07-06
2020-03-08T23:07:55.274Z,BJenjRROw,473,6.84,2020-03-08
2020-03-12T21:33:34.974Z,BJenjRROw,474,6.63,2020-03-12
2020-03-15T15:44:51.962Z,BJenjRROw,475,7.27,2020-03-15
2020-03-30T10:29:32.706Z,BJenjRROw,476,7.30,2020-03-30
2020-05-26T13:09:03.183Z,BJenjRROw,477,7.65,2020-05-26
2020-10-06T21:21:20.214Z,BJenjRROw,478,7.43,2020-10-06
2020-11-22T20:07:26.462Z,BJenjRROw,479,6.68,2020-11-22
2020-04-11T11:37:24.003Z,BJenjRROw,480,7.91,2020-04-11
2020-12-10T17:50:19.071Z,BJenjRROw,481,5.55,2020-12-10
2020-11-11T15:48:40.244Z,BJenjRROw,482,5.87,2020-11-11
2020-05-11T12:59:58.704Z,BJenjRROw,483,7.07,2020-05-11
2020-10-28T23:15:44.906Z,BJenjRROw,484,7.05,2020-10-28
2020-06-10T15:55:17.535Z,BJenjRROw,485,6.20,2020-06-10
2020-08-11T16:15:32.493Z,BJenjRROw,486,5.34,2020-08-11
2020-05-17T04:04:29.378Z,BJenjRROw,487,5.87,2020-05-17
2020-12-01T19:22:19.329Z,BJenjRROw,488,7.07,2020-12-01
2020-05-31T04:32:45.266Z,BJenjRROw,489,5.81,2020-05-31
2020-10-02T01:14:40.147Z,BJenjRROw,490,6.35,2020-10-02
2020-07-27T08:27:51.459Z,BJenjRROw,491,7.79,2020-07-27
2020-01-19T00:47:13.826Z,BJenjRROw,492,5.90,2020-01-19
2020-02-11T07:26:07.194Z,BJenjRROw,493,6.76,2020-02-11
2020-01-09T01:20:07.967Z,BJenjRROw,494,6.60,2020-01-09
2020-03-15T09:19:42.215Z,BJenjRROw,495,6.25,2020-03-15
2020-07-20T02:59:11.675Z,BJenjRROw,496,5.30,2020-07-20
2020-05-20T04:02:29.485Z,BJenjRROw,497,5.41,2020-05-20
2020-08-28T07:08:47.263Z,BJenjRROw,498,5.37,2020-08-28
2020-02-07T14:10:39.661Z,BJenjRROw,499,6.48,2020-02-07
2020-11-20T16:10:16.272Z,BJenjRROw,500,6.05,2020-11-20
2020-10-07T19:32:07.787Z,BJenjRROw,501,5.30,2020-10-07
2020-12-06T22:01:35.394Z,BJenjRROw,502,5.10,2020-12-06
2020-07-06T17:50:03.381Z,BJenjRROw,503,7.43,2020-07-06
2020-04-11T06:09:52.533Z,BJenjRROw,504,5.35,2020-04-11
2020-09-25T02:21:31.008Z,BJenjRROw,505,6.43,2020-09-25
2020-12-19T08:45:44.859Z,BJenjRROw,506,5.50,2020-12-19
2020-02-15T08:18:17.126Z,BJenjRROw,507,5.12,2020-02-15
2020-03-30T22:14:28.960Z,BJenjRROw,508,7.31,2020-03-30
2020-11-11T12:17:48.545Z,BJenjRROw,509,6.72,2020-11-11
2020-06-27T07:06:24.939Z,BJenjRROw,510,5.30,2020-06-27
2020-10-07T22:45:51.599Z,BJenjRROw,511,5.50,2020-10-07
2020-02-05T00:11:01.373Z,BJenjRROw,512,7.06,2020-02-05
2020-01-20T22:30:21.379Z,BJenjRROw,513,6.48,2020-01-20
2020-07-15T09:01:31.527Z,BJenjRROw,514,7.07,2020-07-15
2020-09-22T10:59:18.247Z,BJenjRROw,515,5.81,2020-09-22
2020-02-28T04:53:45.665Z,BJenjRROw,516,6.78,2020-02-28
2020-06-02T02:20:03.727Z,BJenjRROw,517,5.10,2020-06-02
2020-03-13T10:53:55.499Z,BJenjRROw,518,6.72,2020-03-13
2020-11-24T13:55:21.163Z,BJenjRROw,519,6.25,2020-11-24
2020-05-17T19:42:44.283Z,BJenjRROw,520,6.59,2020-05-17
2020-04-15T21:18:54.303Z,BJenjRROw,521,5.13,2020-04-15
2020-02-15T00:12:59.770Z,BJenjRROw,522,6.33,2020-02-15
2020-10-04T15:10:50.325Z,BJenjRROw,523,5.04,2020-10-04
2020-09-25T06:32:05.997Z,BJenjRROw,524,6.25,2020-09-25
2020-09-16T16:23:36.747Z,BJenjRROw,525,6.36,2020-09-16
2020-07-15T20:17:38.788Z,BJenjRROw,526,5.25,2020-07-15
2020-06-12T04:17:07.367Z,BJenjRROw,527,5.58,2020-06-12
2020-06-08T23:00:12.069Z,BJenjRROw,528,5.62,2020-06-08
2020-12-14T13:16:30.093Z,BJenjRROw,529,6.05,2020-12-14
2020-11-29T06:14:06.829Z,BJenjRROw,530,7.16,2020-11-29
2020-10-23T08:45:25.299Z,BJenjRROw,531,6.53,2020-10-23
2020-12-08T22:54:13.587Z,BJenjRROw,532,6.01,2020-12-08
2020-04-30T18:25:40.599Z,BJenjRROw,533,7.89,2020-04-30
2020-09-21T19:28:40.463Z,BJenjRROw,534,7.36,2020-09-21
2020-07-18T20:00:12.605Z,BJenjRROw,535,7.39,2020-07-18
2020-09-16T23:05:30.582Z,BJenjRROw,536,5.32,2020-09-16
2020-02-26T09:28:08.393Z,BJenjRROw,537,6.81,2020-02-26
2020-07-28T17:22:59.388Z,BJenjRROw,538,7.67,2020-07-28
2020-10-04T00:09:05.157Z,BJenjRROw,539,5.68,2020-10-04
2020-11-13T00:39:48.870Z,BJenjRROw,540,5.64,2020-11-13
2020-06-15T21:42:45.089Z,BJenjRROw,541,6.22,2020-06-15
2020-06-16T08:31:54.718Z,BJenjRROw,542,5.63,2020-06-16
2020-07-14T00:16:19.461Z,BJenjRROw,543,7.39,2020-07-14
2020-03-17T06:13:16.171Z,BJenjRROw,544,7.55,2020-03-17
2020-07-14T19:02:34.617Z,BJenjRROw,545,6.50,2020-07-14
2020-10-09T11:49:59.678Z,BJenjRROw,546,5.83,2020-10-09
2020-04-19T04:00:09.651Z,BJenjRROw,547,6.51,2020-04-19
2020-07-14T13:06:55.898Z,BJenjRROw,548,6.07,2020-07-14
2020-01-18T17:07:49.284Z,BJenjRROw,549,7.28,2020-01-18
2020-02-27T19:16:58.495Z,BJenjRROw,550,6.95,2020-02-27
2020-08-17T22:44:11.840Z,BJenjRROw,551,7.72,2020-08-17
2020-06-24T16:58:38.796Z,BJenjRROw,552,5.23,2020-06-24
2020-07-14T06:46:27.310Z,BJenjRROw,553,6.56,2020-07-14
2020-08-27T23:34:33.361Z,BJenjRROw,554,6.12,2020-08-27
2020-02-03T01:40:02.399Z,BJenjRROw,555,6.79,2020-02-03
2020-10-16T15:08:20.791Z,BJenjRROw,556,6.24,2020-10-16
2020-04-24T19:04:29.296Z,BJenjRROw,557,5.58,2020-04-24
2020-10-13T23:05:12.128Z,BJenjRROw,558,5.20,2020-10-13
2020-01-18T19:18:22.735Z,BJenjRROw,559,6.40,2020-01-18
2020-10-13T03:27:36.447Z,BJenjRROw,560,5.98,2020-10-13
2020-03-19T16:47:06.979Z,BJenjRROw,561,7.53,2020-03-19
2020-11-14T00:20:57.143Z,BJenjRROw,562,7.54,2020-11-14
2020-04-10T13:20:27.914Z,BJenjRROw,563,5.64,2020-04-10
2020-11-07T23:03:06.657Z,BJenjRROw,564,7.10,2020-11-07
2020-09-15T15:28:57.773Z,BJenjRROw,565,5.64,2020-09-15
2020-11-30T15:30:55.153Z,BJenjRROw,566,6.89,2020-11-30
2020-05-09T02:26:33.769Z,BJenjRROw,567,7.98,2020-05-09
2020-06-09T08:22:38.607Z,BJenjRROw,568,6.44,2020-06-09
2020-05-23T20:02:36.691Z,BJenjRROw,569,6.52,2020-05-23
2020-02-01T01:16:35.152Z,BJenjRROw,570,7.07,2020-02-01
2020-04-12T11:06:44.783Z,BJenjRROw,571,5.62,2020-04-12
2020-03-01T09:33:14.620Z,BJenjRROw,572,7.78,2020-03-01
2020-06-17T11:48:01.957Z,BJenjRROw,573,5.60,2020-06-17
2020-03-18T08:24:57.135Z,BJenjRROw,574,5.85,2020-03-18
2020-10-22T09:24:42.814Z,BJenjRROw,575,7.55,2020-10-22
2020-02-21T02:01:20.948Z,BJenjRROw,576,6.65,2020-02-21
2020-03-30T11:11:40.760Z,BJenjRROw,577,7.96,2020-03-30
2020-11-20T00:38:35.942Z,BJenjRROw,578,6.53,2020-11-20
2020-04-22T15:22:56.502Z,BJenjRROw,579,6.09,2020-04-22
2020-06-09T00:05:13.350Z,BJenjRROw,580,5.35,2020-06-09
2020-01-02T05:49:31.270Z,BJenjRROw,581,6.37,2020-01-02
2020-06-06T08:04:37.582Z,BJenjRROw,582,7.97,2020-06-06
2020-04-17T02:25:19.241Z,BJenjRROw,583,5.62,2020-04-17
2020-02-20T10:45:26.294Z,BJenjRROw,584,7.33,2020-02-20
2020-06-30T11:24:03.838Z,BJenjRROw,585,5.74,2020-06-30
2020-12-23T05:39:03.029Z,BJenjRROw,586,6.77,2020-12-23
2020-06-01T03:26:36.450Z,BJenjRROw,587,7.51,2020-06-01
2020-02-12T10:39:34.505Z,BJenjRROw,588,5.37,2020-02-12
2020-07-27T09:29:10.835Z,BJenjRROw,589,5.21,2020-07-27
2020-03-25T22:58:06.589Z,BJenjRROw,590,6.70,2020-03-25
2020-11-22T12:30:03.980Z,BJenjRROw,591,7.92,2020-11-22
2020-05-03T11:23:02.881Z,BJenjRROw,592,6.28,2020-05-03
2020-03-20T08:43:59.144Z,BJenjRROw,593,5.31,2020-03-20
2020-11-03T17:23:44.332Z,BJenjRROw,594,6.58,2020-11-03
2020-06-01T22:30:02.236Z,BJenjRROw,595,7.90,2020-06-01
2020-11-28T21:20:59.950Z,BJenjRROw,596,5.82,2020-11-28
2020-09-16T07:16:27.084Z,BJenjRROw,597,7.03,2020-09-16
2020-09-16T20:23:57.346Z,BJenjRROw,598,6.03,2020-09-16
2020-02-18T07:59:20.235Z,BJenjRROw,599,6.50,2020-02-18
2020-10-17T21:45:07.011Z,BJenjRROw,600,5.65,2020-10-17
2020-03-26T19:46:33.499Z,BJenjRROw,601,7.44,2020-03-26
2020-07-11T00:03:10.458Z,BJenjRROw,602,5.49,2020-07-11
2020-07-15T22:35:34.369Z,BJenjRROw,603,6.47,2020-07-15
2020-09-01T07:39:23.331Z,BJenjRROw,604,5.32,2020-09-01
2020-04-08T20:16:03.584Z,BJenjRROw,605,6.80,2020-04-08
2020-08-04T21:11:15.767Z,BJenjRROw,606,5.67,2020-08-04
2020-08-19T12:04:12.028Z,BJenjRROw,607,5.70,2020-08-19
2020-09-08T19:57:55.072Z,BJenjRROw,608,7.05,2020-09-08
2020-04-26T18:00:28.025Z,BJenjRROw,609,7.81,2020-04-26
2020-01-03T07:40:48.105Z,BJenjRROw,610,7.94,2020-01-03
2020-12-13T17:06:29.530Z,BJenjRROw,611,6.84,2020-12-13
2020-08-05T08:25:40.367Z,BJenjRROw,612,6.78,2020-08-05
2020-01-28T17:14:36.019Z,BJenjRROw,613,7.11,2020-01-28
2020-09-03T12:30:40.504Z,BJenjRROw,614,6.29,2020-09-03
2020-02-11T04:29:06.538Z,BJenjRROw,615,6.52,2020-02-11
2020-01-30T17:30:48.952Z,BJenjRROw,616,7.57,2020-01-30
2020-12-19T19:40:12.604Z,BJenjRROw,617,5.02,2020-12-19
2020-09-12T17:09:45.428Z,BJenjRROw,618,6.69,2020-09-12
2020-11-21T13:49:08.654Z,BJenjRROw,619,5.90,2020-11-21
2020-01-18T06:06:51.184Z,BJenjRROw,620,5.15,2020-01-18
2020-12-14T04:18:42.150Z,BJenjRROw,621,6.06,2020-12-14
2020-12-14T17:48:03.134Z,BJenjRROw,622,6.57,2020-12-14
2020-06-15T15:05:48.092Z,BJenjRROw,623,5.88,2020-06-15
2020-11-03T19:42:10.413Z,BJenjRROw,624,7.00,2020-11-03
2020-10-14T06:38:41.162Z,BJenjRROw,625,6.93,2020-10-14
2020-01-16T11:20:21.702Z,BJenjRROw,626,6.21,2020-01-16
2020-12-14T10:51:37.371Z,BJenjRROw,627,6.92,2020-12-14
2020-08-05T02:50:54.444Z,BJenjRROw,628,7.25,2020-08-05
2020-06-05T08:10:36.254Z,BJenjRROw,629,5.04,2020-06-05
2020-10-11T07:05:40.146Z,BJenjRROw,630,6.67,2020-10-11
2020-08-13T14:41:05.486Z,BJenjRROw,631,7.05,2020-08-13
2020-07-20T23:20:17.749Z,BJenjRROw,632,7.22,2020-07-20
2020-12-03T03:23:11.262Z,BJenjRROw,633,7.08,2020-12-03
2020-11-30T06:49:24.925Z,BJenjRROw,634,7.64,2020-11-30
2020-06-06T06:34:15.610Z,BJenjRROw,635,6.56,2020-06-06
2020-11-20T10:25:10.556Z,BJenjRROw,636,6.90,2020-11-20
2020-02-11T14:00:22.737Z,BJenjRROw,637,5.15,2020-02-11
2020-09-19T19:19:40.382Z,BJenjRROw,638,5.88,2020-09-19
2020-02-26T22:18:41.977Z,BJenjRROw,639,5.42,2020-02-26
2020-09-03T02:40:12.175Z,BJenjRROw,640,5.28,2020-09-03
2020-05-12T15:06:36.347Z,BJenjRROw,641,5.87,2020-05-12
2020-12-08T23:24:02.901Z,BJenjRROw,642,5.36,2020-12-08
2020-01-07T08:19:41.524Z,BJenjRROw,643,5.07,2020-01-07
2020-07-16T12:32:54.312Z,BJenjRROw,644,5.38,2020-07-16
2020-01-26T07:48:08.666Z,BJenjRROw,645,6.72,2020-01-26
2020-10-13T10:39:46.986Z,BJenjRROw,646,5.41,2020-10-13
2020-04-19T15:36:21.929Z,BJenjRROw,647,5.78,2020-04-19
2020-12-01T03:42:55.479Z,BJenjRROw,648,6.86,2020-12-01
2020-05-28T11:09:33.897Z,BJenjRROw,649,6.81,2020-05-28
2020-08-29T21:52:33.313Z,BJenjRROw,650,7.09,2020-08-29
2020-06-05T14:42:23.798Z,BJenjRROw,651,6.52,2020-06-05
2020-10-29T22:32:42.512Z,BJenjRROw,652,5.36,2020-10-29
2020-05-16T11:16:40.977Z,BJenjRROw,653,5.59,2020-05-16
2020-08-19T14:34:07.357Z,BJenjRROw,654,6.00,2020-08-19
2020-03-28T03:04:30.598Z,BJenjRROw,655,7.83,2020-03-28
2020-02-22T03:18:27.883Z,BJenjRROw,656,5.64,2020-02-22
2020-11-28T00:39:15.864Z,BJenjRROw,657,7.47,2020-11-28
2020-02-28T10:32:15.904Z,BJenjRROw,658,7.98,2020-02-28
2020-10-21T15:21:22.720Z,BJenjRROw,659,7.80,2020-10-21
2020-05-16T21:48:14.590Z,BJenjRROw,660,7.76,2020-05-16
2020-03-06T18:21:53.996Z,BJenjRROw,661,6.32,2020-03-06
2020-07-13T23:06:35.514Z,BJenjRROw,662,7.56,2020-07-13
2020-03-21T19:53:30.775Z,BJenjRROw,663,5.88,2020-03-21
2020-03-11T03:17:42.439Z,BJenjRROw,664,6.40,2020-03-11
2020-08-19T01:54:01.006Z,BJenjRROw,665,6.72,2020-08-19
2020-07-19T18:29:51.204Z,BJenjRROw,666,7.19,2020-07-19
2020-05-04T00:08:51.760Z,BJenjRROw,667,6.83,2020-05-04
2020-05-05T07:20:03.252Z,BJenjRROw,668,6.70,2020-05-05
2020-02-08T16:10:48.987Z,BJenjRROw,669,6.85,2020-02-08
2020-03-28T14:04:02.869Z,BJenjRROw,670,6.05,2020-03-28
2020-06-09T06:58:15.454Z,BJenjRROw,671,6.47,2020-06-09
2020-01-07T16:33:57.840Z,BJenjRROw,672,7.16,2020-01-07
2020-02-01T18:41:20.734Z,BJenjRROw,673,6.68,2020-02-01
2020-09-12T20:57:51.583Z,BJenjRROw,674,5.59,2020-09-12
2020-06-27T12:45:24.972Z,BJenjRROw,675,5.04,2020-06-27
2020-05-01T01:32:49.261Z,BJenjRROw,676,7.36,2020-05-01
2020-11-09T08:35:47.438Z,BJenjRROw,677,5.86,2020-11-09
2020-07-22T21:51:55.981Z,BJenjRROw,678,5.38,2020-07-22
2020-08-21T22:31:43.107Z,BJenjRROw,679,7.93,2020-08-21
2020-02-10T16:27:29.857Z,BJenjRROw,680,7.10,2020-02-10
2020-12-13T15:57:19.151Z,BJenjRROw,681,5.49,2020-12-13
2020-08-28T00:01:28.084Z,BJenjRROw,682,5.67,2020-08-28
2020-01-18T09:41:38.432Z,BJenjRROw,683,5.98,2020-01-18
2020-06-08T17:58:25.200Z,BJenjRROw,684,7.77,2020-06-08
2020-01-16T05:58:46.238Z,BJenjRROw,685,7.44,2020-01-16
2020-12-05T21:10:00.173Z,BJenjRROw,686,5.36,2020-12-05
2020-02-06T08:40:41.983Z,BJenjRROw,687,5.55,2020-02-06
2020-08-04T20:38:01.478Z,BJenjRROw,688,6.61,2020-08-04
2020-12-04T21:26:34.521Z,BJenjRROw,689,7.59,2020-12-04
2020-04-18T13:10:15.783Z,BJenjRROw,690,7.29,2020-04-18
2020-09-16T04:04:37.281Z,BJenjRROw,691,6.60,2020-09-16
2020-04-27T22:07:39.480Z,BJenjRROw,692,5.68,2020-04-27
2020-06-11T01:28:31.466Z,BJenjRROw,693,5.95,2020-06-11
2020-12-23T21:04:57.763Z,BJenjRROw,694,7.87,2020-12-23
2020-10-24T12:36:03.709Z,BJenjRROw,695,7.13,2020-10-24
2020-06-09T06:20:21.271Z,BJenjRROw,696,7.34,2020-06-09
2020-04-06T23:25:42.039Z,BJenjRROw,697,6.93,2020-04-06
2020-03-06T07:30:40.493Z,BJenjRROw,698,5.06,2020-03-06
2020-01-15T17:11:57.555Z,BJenjRROw,699,5.43,2020-01-15
2020-01-27T17:16:41.180Z,BJenjRROw,700,5.85,2020-01-27
2020-03-05T00:34:45.495Z,BJenjRROw,701,6.59,2020-03-05
2020-11-06T19:39:49.312Z,BJenjRROw,702,6.98,2020-11-06
2020-03-14T03:41:22.251Z,BJenjRROw,703,7.97,2020-03-14
2020-06-25T08:40:26.964Z,BJenjRROw,704,6.92,2020-06-25
2020-03-12T05:15:11.528Z,BJenjRROw,705,5.22,2020-03-12
2020-08-25T09:52:19.451Z,BJenjRROw,706,7.49,2020-08-25
2020-07-24T01:31:33.343Z,BJenjRROw,707,5.72,2020-07-24
2020-02-19T15:43:59.802Z,BJenjRROw,708,5.86,2020-02-19
2020-01-14T21:01:40.867Z,BJenjRROw,709,5.30,2020-01-14
2020-06-10T18:07:21.362Z,BJenjRROw,710,7.40,2020-06-10
2020-08-30T02:38:49.158Z,BJenjRROw,711,5.86,2020-08-30
2020-07-22T00:30:48.975Z,BJenjRROw,712,7.46,2020-07-22
2020-01-13T10:01:39.322Z,BJenjRROw,713,7.52,2020-01-13
2020-02-06T12:18:50.494Z,BJenjRROw,714,6.39,2020-02-06
2020-05-13T14:13:44.655Z,BJenjRROw,715,6.06,2020-05-13
2020-09-21T03:29:13.327Z,BJenjRROw,716,5.56,2020-09-21
2020-05-29T00:28:14.852Z,BJenjRROw,717,7.13,2020-05-29
2020-01-25T08:56:56.919Z,BJenjRROw,718,7.08,2020-01-25
2020-04-10T20:49:20.094Z,BJenjRROw,719,7.87,2020-04-10
2020-02-22T12:13:50.603Z,BJenjRROw,720,6.67,2020-02-22
2020-04-10T02:32:10.420Z,BJenjRROw,721,5.36,2020-04-10
2020-09-13T10:26:22.840Z,BJenjRROw,722,5.35,2020-09-13
2020-01-07T08:17:48.207Z,BJenjRROw,723,6.62,2020-01-07
2020-03-10T18:36:07.179Z,BJenjRROw,724,5.53,2020-03-10
2020-08-08T18:49:57.974Z,BJenjRROw,725,6.57,2020-08-08
2020-01-17T19:24:57.875Z,BJenjRROw,726,6.75,2020-01-17
2020-09-14T11:53:33.888Z,BJenjRROw,727,7.38,2020-09-14
2020-04-08T21:38:08.895Z,BJenjRROw,728,7.27,2020-04-08
2020-08-15T07:52:29.874Z,BJenjRROw,729,5.63,2020-08-15
2020-06-03T21:18:45.190Z,BJenjRROw,730,7.49,2020-06-03
2020-02-04T06:49:26.954Z,BJenjRROw,731,7.11,2020-02-04
2020-08-25T23:17:46.168Z,BJenjRROw,732,5.53,2020-08-25
2020-01-22T18:01:26.298Z,BJenjRROw,733,6.76,2020-01-22
2020-02-20T14:55:18.979Z,BJenjRROw,734,6.78,2020-02-20
2020-05-08T06:00:33.609Z,BJenjRROw,735,7.53,2020-05-08
2020-08-17T06:53:21.874Z,BJenjRROw,736,6.99,2020-08-17
2020-11-22T14:10:01.529Z,BJenjRROw,737,7.48,2020-11-22
2020-08-17T03:30:33.411Z,BJenjRROw,738,6.49,2020-08-17
2020-08-15T03:42:03.481Z,BJenjRROw,739,6.89,2020-08-15
2020-09-29T16:52:27.930Z,BJenjRROw,740,5.98,2020-09-29
2020-07-15T22:19:25.996Z,BJenjRROw,741,6.75,2020-07-15
2020-02-28T16:44:40.966Z,BJenjRROw,742,7.67,2020-02-28
2020-07-05T15:36:02.592Z,BJenjRROw,743,6.52,2020-07-05
2020-06-17T03:37:14.572Z,BJenjRROw,744,7.45,2020-06-17
2020-08-28T11:21:57.890Z,BJenjRROw,745,6.12,2020-08-28
2020-10-27T06:42:18.120Z,BJenjRROw,746,7.14,2020-10-27
2020-12-22T03:37:53.813Z,BJenjRROw,747,7.13,2020-12-22
2020-10-06T21:36:26.794Z,BJenjRROw,748,5.09,2020-10-06
2020-02-24T22:51:04.065Z,BJenjRROw,749,5.85,2020-02-24
2020-01-26T19:46:52.969Z,BJenjRROw,750,5.79,2020-01-26
2020-11-17T08:02:45.068Z,BJenjRROw,751,7.92,2020-11-17
2020-03-21T19:14:50.114Z,BJenjRROw,752,5.84,2020-03-21
2020-05-23T01:25:41.944Z,BJenjRROw,753,6.01,2020-05-23
2020-09-15T06:43:00.137Z,BJenjRROw,754,5.18,2020-09-15
2020-12-05T03:19:42.245Z,BJenjRROw,755,6.76,2020-12-05
2020-06-28T21:44:39.914Z,BJenjRROw,756,5.20,2020-06-28
2020-03-27T23:59:44.743Z,BJenjRROw,757,6.04,2020-03-27
2020-12-20T05:50:34.452Z,BJenjRROw,758,5.28,2020-12-20
2020-04-11T16:06:13.737Z,BJenjRROw,759,6.32,2020-04-11
2020-11-01T01:45:11.435Z,BJenjRROw,760,7.77,2020-11-01
2020-11-06T06:20:01.209Z,BJenjRROw,761,7.67,2020-11-06
2020-11-08T12:31:01.111Z,BJenjRROw,762,6.61,2020-11-08
2020-01-29T09:25:42.885Z,BJenjRROw,763,6.85,2020-01-29
2020-05-06T00:53:52.668Z,BJenjRROw,764,7.35,2020-05-06
2020-04-21T21:01:28.667Z,BJenjRROw,765,7.51,2020-04-21
2020-06-26T02:58:05.062Z,BJenjRROw,766,7.90,2020-06-26
2020-09-12T17:25:14.459Z,BJenjRROw,767,5.08,2020-09-12
2020-02-27T10:10:42.412Z,BJenjRROw,768,5.17,2020-02-27
2020-12-05T15:46:09.681Z,BJenjRROw,769,6.69,2020-12-05
2020-02-26T21:26:07.274Z,BJenjRROw,770,7.92,2020-02-26
2020-09-24T18:38:03.153Z,BJenjRROw,771,6.77,2020-09-24
2020-10-11T00:39:33.362Z,BJenjRROw,772,5.71,2020-10-11
2020-08-08T16:46:20.349Z,BJenjRROw,773,5.49,2020-08-08
2020-02-06T07:52:26.947Z,BJenjRROw,774,5.44,2020-02-06
2020-11-12T12:29:03.386Z,BJenjRROw,775,7.80,2020-11-12
2020-04-13T02:08:58.502Z,BJenjRROw,776,5.60,2020-04-13
2020-12-16T13:40:43.324Z,BJenjRROw,777,5.37,2020-12-16
2020-09-27T02:52:51.108Z,BJenjRROw,778,5.20,2020-09-27
2020-01-16T01:43:13.189Z,BJenjRROw,779,6.58,2020-01-16
2020-04-03T10:52:01.875Z,BJenjRROw,780,6.17,2020-04-03
2020-02-08T09:41:53.238Z,BJenjRROw,781,6.47,2020-02-08
2020-03-27T13:36:02.143Z,BJenjRROw,782,7.88,2020-03-27
2020-06-10T06:38:23.666Z,BJenjRROw,783,6.76,2020-06-10
2020-12-16T04:43:57.350Z,BJenjRROw,784,7.44,2020-12-16
2020-07-01T13:48:10.458Z,BJenjRROw,785,5.16,2020-07-01
2020-04-06T03:35:18.081Z,BJenjRROw,786,7.90,2020-04-06
2020-04-19T08:43:30.166Z,BJenjRROw,787,6.70,2020-04-19
2020-08-09T04:49:52.524Z,BJenjRROw,788,5.45,2020-08-09
2020-03-10T14:57:21.973Z,BJenjRROw,789,5.55,2020-03-10
2020-04-06T18:06:48.532Z,BJenjRROw,790,7.83,2020-04-06
2020-10-21T09:58:22.210Z,BJenjRROw,791,6.84,2020-10-21
2020-03-26T05:35:16.963Z,BJenjRROw,792,7.95,2020-03-26
2020-03-19T17:25:17.040Z,BJenjRROw,793,5.69,2020-03-19
2020-05-22T17:03:40.653Z,BJenjRROw,794,5.86,2020-05-22
2020-07-30T00:14:42.545Z,BJenjRROw,795,5.56,2020-07-30
2020-11-12T12:58:55.324Z,BJenjRROw,796,6.43,2020-11-12
2020-06-10T17:13:40.249Z,BJenjRROw,797,7.12,2020-06-10
2020-06-05T05:33:58.618Z,BJenjRROw,798,5.97,2020-06-05
2020-10-12T16:29:05.269Z,BJenjRROw,799,7.03,2020-10-12
2020-07-05T15:45:30.243Z,BJenjRROw,800,6.23,2020-07-05
2020-10-23T10:59:33.614Z,BJenjRROw,801,5.02,2020-10-23
2020-08-29T05:42:43.028Z,BJenjRROw,802,6.11,2020-08-29
2020-06-29T10:48:40.882Z,BJenjRROw,803,7.47,2020-06-29
2020-09-04T08:32:01.291Z,BJenjRROw,804,6.36,2020-09-04
2020-02-17T02:31:34.880Z,BJenjRROw,805,6.18,2020-02-17
2020-06-29T02:56:52.837Z,BJenjRROw,806,6.24,2020-06-29
2020-08-13T09:34:22.400Z,BJenjRROw,807,7.81,2020-08-13
2020-02-03T20:00:01.434Z,BJenjRROw,808,6.67,2020-02-03
2020-06-30T17:14:59.717Z,BJenjRROw,809,6.75,2020-06-30
2020-04-07T04:58:25.781Z,BJenjRROw,810,5.16,2020-04-07
2020-02-23T17:36:37.226Z,BJenjRROw,811,6.35,2020-02-23
2020-09-26T15:13:40.851Z,BJenjRROw,812,7.40,2020-09-26
2020-11-07T07:17:32.936Z,BJenjRROw,813,7.27,2020-11-07
2020-05-13T06:42:04.209Z,BJenjRROw,814,7.71,2020-05-13
2020-12-01T17:41:09.495Z,BJenjRROw,815,6.95,2020-12-01
2020-12-15T21:55:59.962Z,BJenjRROw,816,5.23,2020-12-15
2020-11-15T10:05:08.939Z,BJenjRROw,817,7.63,2020-11-15
2020-04-16T00:17:01.327Z,BJenjRROw,818,7.49,2020-04-16
2020-04-29T11:16:17.193Z,BJenjRROw,819,5.77,2020-04-29
2020-10-08T03:31:48.601Z,BJenjRROw,820,5.71,2020-10-08
2020-09-12T16:19:33.671Z,BJenjRROw,821,6.33,2020-09-12
2020-10-29T09:56:18.996Z,BJenjRROw,822,7.62,2020-10-29
2020-08-31T05:58:37.553Z,BJenjRROw,823,7.42,2020-08-31
2020-03-08T10:00:25.834Z,BJenjRROw,824,6.82,2020-03-08
2020-07-01T19:13:10.871Z,BJenjRROw,825,7.13,2020-07-01
2020-10-31T10:28:32.232Z,BJenjRROw,826,7.41,2020-10-31
2020-03-18T12:48:13.460Z,BJenjRROw,827,7.72,2020-03-18
2020-09-07T11:45:49.389Z,BJenjRROw,828,7.75,2020-09-07
2020-03-24T04:36:53.096Z,BJenjRROw,829,6.82,2020-03-24
2020-02-10T22:16:59.205Z,BJenjRROw,830,7.44,2020-02-10
2020-06-22T06:56:14.710Z,BJenjRROw,831,7.45,2020-06-22
2020-03-11T10:19:07.106Z,BJenjRROw,832,7.94,2020-03-11
2020-06-01T11:12:39.106Z,BJenjRROw,833,7.23,2020-06-01
2020-10-02T22:19:48.055Z,BJenjRROw,834,6.76,2020-10-02
2020-08-21T10:36:59.843Z,BJenjRROw,835,6.95,2020-08-21
2020-11-25T21:11:56.419Z,BJenjRROw,836,6.59,2020-11-25
2020-12-11T19:56:40.739Z,BJenjRROw,837,7.74,2020-12-11
2020-08-22T22:44:05.127Z,BJenjRROw,838,7.14,2020-08-22
2020-05-12T20:51:45.206Z,BJenjRROw,839,5.87,2020-05-12
2020-08-16T21:25:04.835Z,BJenjRROw,840,7.61,2020-08-16
2020-07-23T20:04:10.265Z,BJenjRROw,841,7.91,2020-07-23
2020-03-06T20:25:35.213Z,BJenjRROw,842,6.06,2020-03-06
2020-06-12T12:46:06.793Z,BJenjRROw,843,6.48,2020-06-12
2020-08-23T20:30:07.504Z,BJenjRROw,844,5.55,2020-08-23
2020-07-21T19:40:38.438Z,BJenjRROw,845,5.19,2020-07-21
2020-02-02T06:36:06.194Z,BJenjRROw,846,6.09,2020-02-02
2020-09-25T01:15:19.268Z,BJenjRROw,847,7.26,2020-09-25
2020-07-16T17:26:43.386Z,BJenjRROw,848,6.58,2020-07-16
2020-02-09T13:20:41.144Z,BJenjRROw,849,7.33,2020-02-09
2020-04-07T12:44:20.639Z,BJenjRROw,850,6.28,2020-04-07
2020-07-29T22:50:59.956Z,BJenjRROw,851,6.35,2020-07-29
2020-06-13T19:40:54.436Z,BJenjRROw,852,6.36,2020-06-13
2020-08-13T10:36:31.903Z,BJenjRROw,853,6.77,2020-08-13
2020-03-17T01:29:32.068Z,BJenjRROw,854,7.91,2020-03-17
2020-04-23T20:45:53.036Z,BJenjRROw,855,7.55,2020-04-23
2020-02-29T07:19:59.975Z,BJenjRROw,856,7.96,2020-02-29
2020-01-23T23:04:28.987Z,BJenjRROw,857,5.05,2020-01-23
2020-11-02T14:34:03.940Z,BJenjRROw,858,6.09,2020-11-02
2020-09-21T21:47:09.618Z,BJenjRROw,859,7.82,2020-09-21
2020-10-27T04:48:01.399Z,BJenjRROw,860,6.02,2020-10-27
2020-04-21T07:07:10.187Z,BJenjRROw,861,5.96,2020-04-21
2020-10-01T12:30:52.246Z,BJenjRROw,862,7.14,2020-10-01
2020-02-05T16:22:45.276Z,BJenjRROw,863,6.04,2020-02-05
2020-08-19T20:29:44.999Z,BJenjRROw,864,7.60,2020-08-19
2020-05-01T16:21:16.247Z,BJenjRROw,865,6.42,2020-05-01
2020-02-22T21:08:39.861Z,BJenjRROw,866,7.73,2020-02-22
2020-03-24T07:19:30.253Z,BJenjRROw,867,5.40,2020-03-24
2020-06-04T22:35:31.992Z,BJenjRROw,868,5.02,2020-06-04
2020-02-15T03:05:21.324Z,BJenjRROw,869,6.54,2020-02-15
2020-03-13T10:41:50.126Z,BJenjRROw,870,5.09,2020-03-13
2020-12-11T02:04:25.673Z,BJenjRROw,871,7.65,2020-12-11
2020-03-06T12:56:34.501Z,BJenjRROw,872,6.09,2020-03-06
2020-08-19T19:07:07.477Z,BJenjRROw,873,6.31,2020-08-19
2020-08-08T06:37:05.696Z,BJenjRROw,874,7.82,2020-08-08
2020-06-19T07:28:37.839Z,BJenjRROw,875,7.83,2020-06-19
2020-04-05T23:27:23.014Z,BJenjRROw,876,5.44,2020-04-05
2020-02-19T09:13:27.602Z,BJenjRROw,877,6.45,2020-02-19
2020-08-17T14:43:37.364Z,BJenjRROw,878,7.76,2020-08-17
2020-03-24T16:38:22.499Z,BJenjRROw,879,7.57,2020-03-24
2020-04-25T20:57:35.682Z,BJenjRROw,880,6.29,2020-04-25
2020-08-06T04:29:56.809Z,BJenjRROw,881,7.61,2020-08-06
2020-12-23T06:03:59.720Z,BJenjRROw,882,7.12,2020-12-23
2020-10-26T02:04:01.356Z,BJenjRROw,883,6.69,2020-10-26
2020-10-14T15:46:27.605Z,BJenjRROw,884,5.72,2020-10-14
2020-02-19T17:54:08.973Z,BJenjRROw,885,5.66,2020-02-19
2020-05-19T20:55:28.096Z,BJenjRROw,886,6.37,2020-05-19
2020-09-06T06:04:41.925Z,BJenjRROw,887,6.30,2020-09-06
2020-03-05T03:36:29.594Z,BJenjRROw,888,6.33,2020-03-05
2020-06-07T05:04:03.279Z,BJenjRROw,889,6.47,2020-06-07
2020-06-06T09:52:38.829Z,BJenjRROw,890,5.86,2020-06-06
2020-02-17T13:55:29.514Z,BJenjRROw,891,7.84,2020-02-17
2020-01-12T00:40:50.334Z,BJenjRROw,892,7.64,2020-01-12
2020-02-11T09:49:47.903Z,BJenjRROw,893,6.13,2020-02-11
2020-02-01T14:45:05.427Z,BJenjRROw,894,7.45,2020-02-01
2020-08-10T00:21:20.376Z,BJenjRROw,895,6.95,2020-08-10
2020-02-14T03:35:07.384Z,BJenjRROw,896,7.44,2020-02-14
2020-06-04T13:58:49.345Z,BJenjRROw,897,6.91,2020-06-04
2020-09-01T09:20:12.968Z,BJenjRROw,898,5.47,2020-09-01
2020-01-12T06:28:29.531Z,BJenjRROw,899,6.43,2020-01-12
2020-02-25T19:27:41.207Z,BJenjRROw,900,5.61,2020-02-25
2020-04-25T17:48:43.290Z,BJenjRROw,901,7.58,2020-04-25
2020-11-20T12:20:22.891Z,BJenjRROw,902,6.27,2020-11-20
2020-10-21T13:51:38.721Z,BJenjRROw,903,7.53,2020-10-21
2020-01-07T07:29:09.474Z,BJenjRROw,904,6.47,2020-01-07
2020-04-21T17:50:11.882Z,BJenjRROw,905,6.34,2020-04-21
2020-07-11T17:59:25.815Z,BJenjRROw,906,5.95,2020-07-11
2020-08-11T01:48:11.956Z,BJenjRROw,907,6.20,2020-08-11
2020-03-29T20:25:38.434Z,BJenjRROw,908,5.19,2020-03-29
2020-12-17T09:04:00.171Z,BJenjRROw,909,6.48,2020-12-17
2020-02-08T07:10:25.212Z,BJenjRROw,910,6.76,2020-02-08
2020-11-11T22:32:30.353Z,BJenjRROw,911,6.19,2020-11-11
2020-04-21T07:15:35.475Z,BJenjRROw,912,6.48,2020-04-21
2020-10-03T07:26:37.146Z,BJenjRROw,913,7.04,2020-10-03
2020-02-25T15:40:18.498Z,BJenjRROw,914,7.30,2020-02-25
2020-09-12T02:53:02.925Z,BJenjRROw,915,7.83,2020-09-12
2020-11-06T22:28:42.714Z,BJenjRROw,916,7.69,2020-11-06
2020-06-24T03:44:14.107Z,BJenjRROw,917,6.93,2020-06-24
2020-08-17T11:35:28.675Z,BJenjRROw,918,5.64,2020-08-17
2020-09-11T21:52:31.896Z,BJenjRROw,919,5.75,2020-09-11
2020-10-28T13:24:26.032Z,BJenjRROw,920,5.96,2020-10-28
2020-04-30T20:25:01.555Z,BJenjRROw,921,7.67,2020-04-30
2020-08-23T17:09:01.608Z,BJenjRROw,922,6.05,2020-08-23
2020-03-25T07:00:54.471Z,BJenjRROw,923,5.27,2020-03-25
2020-09-24T20:47:22.323Z,BJenjRROw,924,7.40,2020-09-24
2020-06-27T00:32:18.069Z,BJenjRROw,925,7.09,2020-06-27
2020-09-19T19:04:39.712Z,BJenjRROw,926,6.27,2020-09-19
2020-06-25T06:00:10.083Z,BJenjRROw,927,5.11,2020-06-25
2020-12-12T02:58:32.347Z,BJenjRROw,928,5.14,2020-12-12
2020-12-01T09:36:53.182Z,BJenjRROw,929,7.96,2020-12-01
2020-01-16T07:13:02.717Z,BJenjRROw,930,6.94,2020-01-16
2020-10-02T16:05:35.201Z,BJenjRROw,931,5.59,2020-10-02
2020-04-06T09:43:25.089Z,BJenjRROw,932,7.36,2020-04-06
2020-08-17T01:37:23.687Z,BJenjRROw,933,5.63,2020-08-17
2020-07-03T04:30:17.149Z,BJenjRROw,934,5.11,2020-07-03
2020-06-19T10:26:21.008Z,BJenjRROw,935,5.14,2020-06-19
2020-01-11T05:41:06.226Z,BJenjRROw,936,6.95,2020-01-11
2020-06-27T10:01:49.433Z,BJenjRROw,937,7.10,2020-06-27
2020-03-16T06:27:39.999Z,BJenjRROw,938,6.56,2020-03-16
2020-07-31T11:22:46.642Z,BJenjRROw,939,5.47,2020-07-31
2020-08-03T09:30:58.897Z,BJenjRROw,940,7.91,2020-08-03
2020-07-11T11:35:57.387Z,BJenjRROw,941,7.14,2020-07-11
2020-02-21T21:19:55.396Z,BJenjRROw,942,6.08,2020-02-21
2020-02-07T15:28:44.303Z,BJenjRROw,943,6.37,2020-02-07
2020-09-23T02:07:46.321Z,BJenjRROw,944,6.65,2020-09-23
2020-02-26T06:13:08.619Z,BJenjRROw,945,6.82,2020-02-26
2020-01-07T17:16:30.559Z,BJenjRROw,946,5.58,2020-01-07
2020-04-20T18:30:17.389Z,BJenjRROw,947,7.89,2020-04-20
2020-04-10T16:07:36.576Z,BJenjRROw,948,5.99,2020-04-10
2020-04-04T13:47:22.593Z,BJenjRROw,949,5.79,2020-04-04
2020-01-20T21:26:39.479Z,BJenjRROw,950,6.86,2020-01-20
2020-01-03T10:48:51.689Z,BJenjRROw,951,7.29,2020-01-03
2020-04-01T10:41:19.736Z,BJenjRROw,952,5.12,2020-04-01
2020-12-22T19:50:52.760Z,BJenjRROw,953,6.89,2020-12-22
2020-12-16T06:25:09.349Z,BJenjRROw,954,5.21,2020-12-16
2020-10-03T00:28:26.491Z,BJenjRROw,955,7.22,2020-10-03
2020-08-04T08:37:07.797Z,BJenjRROw,956,7.47,2020-08-04
2020-09-04T11:19:42.453Z,BJenjRROw,957,7.37,2020-09-04
2020-09-12T23:21:22.058Z,BJenjRROw,958,7.32,2020-09-12
2020-03-20T19:56:31.224Z,BJenjRROw,959,6.52,2020-03-20
2020-07-28T17:06:57.486Z,BJenjRROw,960,7.52,2020-07-28
2020-07-23T11:52:55.855Z,BJenjRROw,961,5.56,2020-07-23
2020-11-18T15:18:39.244Z,BJenjRROw,962,6.61,2020-11-18
2020-11-28T23:33:26.860Z,BJenjRROw,963,7.87,2020-11-28
2020-12-15T14:48:32.382Z,BJenjRROw,964,5.89,2020-12-15
2020-10-13T19:00:41.427Z,BJenjRROw,965,7.70,2020-10-13
2020-10-14T19:35:37.746Z,BJenjRROw,966,5.65,2020-10-14
2020-04-13T12:19:26.805Z,BJenjRROw,967,7.25,2020-04-13
2020-08-04T23:59:14.050Z,BJenjRROw,968,7.86,2020-08-04
2020-05-25T02:01:56.151Z,BJenjRROw,969,6.76,2020-05-25
2020-07-05T02:39:22.905Z,BJenjRROw,970,7.57,2020-07-05
2020-09-16T05:38:36.675Z,BJenjRROw,971,7.55,2020-09-16
2020-09-25T13:52:40.065Z,BJenjRROw,972,5.12,2020-09-25
2020-12-19T19:30:45.122Z,BJenjRROw,973,5.77,2020-12-19
2020-08-11T19:41:20.734Z,BJenjRROw,974,7.10,2020-08-11
2020-09-21T15:39:34.619Z,BJenjRROw,975,5.29,2020-09-21
2020-06-28T17:41:35.611Z,BJenjRROw,976,5.50,2020-06-28
2020-01-11T21:32:32.006Z,BJenjRROw,977,5.43,2020-01-11
2020-08-04T00:40:00.470Z,BJenjRROw,978,6.08,2020-08-04
2020-09-21T05:53:06.090Z,BJenjRROw,979,5.41,2020-09-21
2020-03-05T14:23:06.471Z,BJenjRROw,980,5.51,2020-03-05
2020-07-11T22:51:46.859Z,BJenjRROw,981,6.20,2020-07-11
2020-02-21T16:09:01.119Z,BJenjRROw,982,6.31,2020-02-21
2020-02-24T06:42:45.673Z,BJenjRROw,983,5.72,2020-02-24
2020-05-06T06:12:27.099Z,BJenjRROw,984,5.28,2020-05-06
2020-10-01T19:33:58.971Z,BJenjRROw,985,7.12,2020-10-01
2020-09-19T18:01:39.021Z,BJenjRROw,986,5.50,2020-09-19
2020-07-26T12:40:40.601Z,BJenjRROw,987,7.71,2020-07-26
2020-05-31T09:39:41.611Z,BJenjRROw,988,7.14,2020-05-31
2020-09-08T08:25:57.293Z,BJenjRROw,989,7.57,2020-09-08
2020-06-27T04:59:21.825Z,BJenjRROw,990,7.76,2020-06-27
2020-11-11T03:13:38.109Z,BJenjRROw,991,7.40,2020-11-11
2020-11-20T05:15:13.029Z,BJenjRROw,992,6.52,2020-11-20
2020-07-17T06:11:36.667Z,BJenjRROw,993,7.92,2020-07-17
2020-09-16T13:22:48.108Z,BJenjRROw,994,6.34,2020-09-16
2020-03-29T14:03:07.748Z,BJenjRROw,995,7.80,2020-03-29
2020-10-05T21:12:38.384Z,BJenjRROw,996,5.06,2020-10-05
2020-08-27T10:09:25.724Z,BJenjRROw,997,5.57,2020-08-27
2020-02-07T07:58:02.022Z,BJenjRROw,998,7.80,2020-02-07
2020-07-28T11:12:26.508Z,BJenjRROw,999,5.58,2020-07-28
2020-09-09T02:43:35.300Z,BJenjRROw,1000,7.91,2020-09-09
